S,B,latency,memory,energy,is_validation
32,1,0.0008362355000315347,18789376,0.02779425113464448,False
32,2,0.0007096904999741582,18899968,0.03256902848794741,False
32,4,0.0006982875000289823,19121152,0.03648415922014622,False
32,8,0.0007389620000139985,19563520,0.03767762630312751,False
32,16,0.0011905615000102898,15000576,0.045824902723735406,False
32,32,0.0008756269999992128,16245760,0.05883991894630193,False
32,64,0.0013096240000152193,18736128,0.07374049945711184,False
32,111,0.0020013560000222697,52989440,0.14907142857142855,True
32,128,0.0023157770000352684,59368448,0.16706265060240966,False
32,133,0.002343532999987019,61690880,0.17394884910485933,True
32,139,0.0024567595000064557,62780928,0.17982539682539683,True
32,256,0.004575772999999117,103695360,0.311743119266055,False
64,1,0.0008785529999784103,23995392,0.03756511805026656,False
64,2,0.0007955134999804159,24142848,0.04293705743509048,False
64,4,0.0007347109999784607,24929280,0.04571841704718417,False
64,8,0.000972497500015379,17819136,0.05003111111111111,False
64,16,0.0009596069999986412,19523072,0.06222065727699531,False
64,32,0.0014317309999967165,23847936,0.07923306544202066,False
64,64,0.001591783500003885,33678336,0.12375768535262206,False
64,111,0.00472888900000612,68124160,0.3223222748815166,True
64,128,0.005394580500023949,76669952,0.36998918918918916,False
64,133,0.005685222499977272,79668224,0.3886171428571428,True
64,139,0.005866969999999583,82224640,0.3988830409356725,True
64,256,0.010525376499998629,138298368,0.7085208333333334,False
80,1,0.0007920374999912383,24078336,0.04089416342412451,True
80,2,0.0007775919999915004,24308736,0.04700477707006369,True
80,4,0.0007656904999748804,25261056,0.05486975524475524,True
80,8,0.001297942500031013,18777600,0.06416565040650407,True
80,16,0.0009094200000276942,21537792,0.07607675194660735,True
80,32,0.0012766780000390554,29320192,0.1042082066869301,True
80,64,0.002798620499987692,44884992,0.19704941860465117,True
80,111,0.008012684499988154,79581696,0.539264,True
80,128,0.008913512499987064,90956800,0.6012589285714285,True
80,133,0.009613812499992491,93175808,0.6470865384615384,True
80,139,0.009877504999963094,96553472,0.667069306930693,True
80,256,0.017399899499963567,223732736,1.1629137931034483,True
128,1,0.0013049169999987953,24437760,0.05300977995110025,False
128,2,0.0008237749999864263,17819648,0.05541760299625468,False
128,4,0.0010151875000019572,19523584,0.06738391959798995,False
128,8,0.0009329855000146381,23847936,0.07855875576036865,False
128,16,0.0015591269999788437,33678336,0.12351648351648352,False
128,32,0.0034169580000025235,53601280,0.23587017543859648,False
128,64,0.006659253499975648,119342080,0.4431456953642385,False
128,111,0.015712901000000556,196903936,1.04653125,True
128,128,0.017925692500028845,223544320,1.197892857142857,False
128,133,0.019347417499972153,243196928,1.2939615384615384,True
128,139,0.019857873999995945,246735872,1.36296,True
128,256,0.03631055600001787,431948800,2.4442142857142857,False
208,1,0.0012716779999948358,18365952,0.06614390756302521,True
208,2,0.000806608999994296,20615680,0.05537182637182637,True
208,4,0.0012850119999825438,26907648,0.09248618784530385,True
208,8,0.0024304504999861365,40059904,0.17401047120418847,True
208,16,0.0049563729999704265,68199424,0.32844059405940595,True
208,32,0.00853563550001013,139904000,0.512931623931624,True
208,64,0.016951718000001392,264758272,1.1261333333333332,True
208,111,0.04042932100000485,449683456,2.95908,True
208,128,0.04632505650002372,514196480,3.068409090909091,True
208,133,0.05007834799999955,558865408,3.3531,True
208,139,0.0524933444999931,568053760,3.5416315789473685,True
208,256,0.10136837799998943,1012261888,6.7446,True
224,1,0.0007826645000079679,18725376,0.051464396284829725,False
224,2,0.0007263799999748244,21439488,0.059818671454219034,False
224,4,0.001394782999994959,29008896,0.10454645669291339,False
224,8,0.0027479315000107363,44262400,0.19945896656534953,False
224,16,0.005760165999987521,75228160,0.3792857142857143,False
224,32,0.011350552000010339,174699520,0.7488426966292135,False
224,64,0.021501283999981524,334881792,1.4470434782608694,False
224,111,0.055487564999964434,572066816,3.704555555555556,True
224,128,0.06388309650000679,654435328,4.159625,False
224,133,0.0699369719999936,713288704,4.859933333333333,True
224,139,0.07304981199999361,724319232,4.726857142857143,True
224,256,0.13986447049998674,1293018112,9.067625,False
256,1,0.0008351129999937257,19524608,0.050520558572536844,False
256,2,0.001179115000013553,23847936,0.06914799154334038,False
256,4,0.0018190190000098028,33678336,0.1289920477137177,False
256,8,0.003900832499994067,53601280,0.2605381526104418,False
256,16,0.00773035349999418,119342080,0.49424060150375937,False
256,32,0.015138201499979687,223544320,0.9815074626865671,False
256,64,0.030721631500000512,431948800,1.9917878787878787,False
256,111,0.07737523350002107,742982656,5.162714285714286,True
256,128,0.08588942400001542,848757760,5.4879999999999995,False
256,133,0.08955202999999301,927589376,5.5192499999999995,True
256,139,0.09089035049998984,941483008,5.53025,True
256,256,0.16149145800000042,1683088384,10.469714285714286,False
304,1,0.0010114544999737518,20922880,0.051931698774080555,True
304,2,0.0013838515000088591,27802624,0.10505705229793977,True
304,4,0.0025203779999856124,43357184,0.18851149425287358,True
304,8,0.0053461285000082626,69944320,0.356005376344086,True
304,16,0.009729365500021459,152970240,0.6495922330097087,True
304,32,0.01995723949997341,290251776,1.2924615384615383,True
304,64,0.04022971099999495,564814848,2.582461538461539,True
304,111,0.09762753750001707,973804544,6.691,True
304,128,0.10901273099997866,1114489856,7.4128,True
304,133,0.11757953049996672,1215412224,8.14788888888889,True
304,139,0.12134688750001033,1236413440,8.193888888888889,True
304,256,0.2226645954999924,2212529152,14.709,True
320,1,0.0009876620000000003,21537792,0.060132848043676065,True
320,2,0.001419631499999241,29320192,0.10636977491961416,True
320,4,0.0028488810000055764,44884992,0.19669345238095237,True
320,8,0.005615407499988123,78373888,0.37940909090909086,True
320,16,0.010495867000003045,158721024,0.7028105263157894,True
320,32,0.02096395949999419,302113792,1.4975918367346939,True
320,64,0.04175526500000615,588538880,2.780875,True
320,111,0.11146701499998812,1013066752,7.378333333333334,True
320,128,0.12890326299998378,1159840768,8.298625,True
320,133,0.14181597399999646,1263363072,9.14225,True
320,139,0.14773990249997837,1285334016,9.436000000000002,True
320,256,0.2627509534999888,2304541696,16.62625,True
384,1,0.001295815000020184,24962048,0.07709707602339182,False
384,2,0.002040375999996513,36168704,0.14391447368421054,False
384,4,0.004101879499984307,58582016,0.2729504132231405,False
384,8,0.008595371500007332,103932928,0.5010084033613446,False
384,16,0.01583068249999542,227664896,1.057968253968254,False
384,32,0.03150934399999983,436286464,2.08425,False
384,64,0.06250731049999558,857433088,3.917764705882353,False
384,111,0.15725593600001275,1484565504,10.477,True
384,128,0.1756856780000362,1699865600,11.1285,False
384,133,0.18789183399999843,1852236800,12.244,True
384,139,0.1943128569999999,1884087296,12.263833333333332,True
384,256,0.35702580249997595,3384312832,24.43466666666667,False
512,1,0.001876634999973703,33678336,0.12593063583815028,False
512,2,0.003671832500003802,53601280,0.2423321033210332,False
512,4,0.007215911999992386,93447168,0.47454676258992806,False
512,8,0.01433437349999167,173138944,0.9358028169014083,False
512,16,0.0269716765000112,399760384,1.7519210526315787,False
512,32,0.05450935149997349,784380928,3.8506842105263157,False
512,64,0.11062816650002105,1553622016,7.2834,False
512,111,0.28235783249999713,2699095040,18.2725,True
512,128,0.3206865305000406,3092374528,21.608,False
512,133,0.3441852559999461,3373964288,22.161,True
512,139,0.35216834149997567,3430587392,22.194,True
512,256,0.6330144940000082,6169068544,39.904,False
